{
  "scores": [
    0,
    0,
    0,
    0,
    0,
    0,
    0,
    0,
    0,
    0,
    0,
    0,
    0,
    0,
    0,
    0,
    0,
    0,
    0,
    0,
    0,
    0,
    10,
    0,
    0,
    0,
    0,
    0,
    0,
    0,
    0,
    10,
    0,
    0,
    10,
    10,
    0,
    10,
    0,
    10,
    10,
    10,
    0,
    10,
    10,
    0,
    0,
    0,
    0,
    10,
    10,
    0,
    10,
    0,
    10,
    10,
    10,
    10,
    30,
    10,
    10,
    10,
    10,
    40,
    10,
    10,
    10,
    20,
    10,
    10,
    20,
    10,
    20,
    10,
    20,
    10,
    10,
    10,
    10,
    30,
    10,
    20,
    20,
    30,
    20,
    20,
    10,
    10,
    10,
    10,
    20,
    10,
    10,
    10,
    40,
    10,
    20,
    30,
    10,
    10,
    10,
    10,
    20,
    0,
    30,
    10,
    40,
    0,
    10,
    50,
    10,
    10,
    20,
    20,
    20,
    20,
    0,
    50,
    10,
    10,
    10,
    30,
    20,
    10,
    20,
    10,
    10,
    10,
    10,
    20,
    20,
    10,
    30,
    10,
    10,
    10,
    20,
    30,
    40,
    10,
    10,
    10,
    20,
    0,
    20,
    40,
    10,
    0,
    30,
    20,
    20,
    10,
    10,
    10,
    10,
    10,
    10,
    10,
    70,
    50,
    10,
    10,
    20,
    30,
    10,
    10,
    40,
    30,
    20,
    10,
    10,
    40,
    10,
    10,
    10,
    70,
    40,
    10,
    20,
    50,
    10,
    10,
    10,
    30,
    10,
    40,
    10,
    10,
    20,
    0,
    10,
    0,
    20,
    20,
    10,
    10,
    10,
    10,
    10,
    10
  ],
  "running_avgs": [
    0.0,
    0.0,
    0.0,
    0.0,
    0.0,
    0.0,
    0.0,
    0.0,
    0.0,
    0.0,
    0.0,
    0.0,
    0.0,
    0.0,
    0.0,
    0.0,
    0.0,
    0.0,
    0.0,
    0.0,
    0.0,
    0.0,
    0.43478260869565216,
    0.4166666666666667,
    0.4,
    0.38461538461538464,
    0.37037037037037035,
    0.35714285714285715,
    0.3448275862068966,
    0.3333333333333333,
    0.3225806451612903,
    0.625,
    0.6060606060606061,
    0.5882352941176471,
    0.8571428571428571,
    1.1111111111111112,
    1.0810810810810811,
    1.3157894736842106,
    1.2820512820512822,
    1.5,
    1.7073170731707317,
    1.9047619047619047,
    1.8604651162790697,
    2.0454545454545454,
    2.2222222222222223,
    2.1739130434782608,
    2.127659574468085,
    2.0833333333333335,
    2.0408163265306123,
    2.2,
    2.3529411764705883,
    2.3076923076923075,
    2.452830188679245,
    2.4074074074074074,
    2.5454545454545454,
    2.6785714285714284,
    2.807017543859649,
    2.9310344827586206,
    3.389830508474576,
    3.5,
    3.6065573770491803,
    3.7096774193548385,
    3.8095238095238093,
    4.375,
    4.461538461538462,
    4.545454545454546,
    4.626865671641791,
    4.852941176470588,
    4.927536231884058,
    5.0,
    5.211267605633803,
    5.277777777777778,
    5.47945205479452,
    5.54054054054054,
    5.733333333333333,
    5.7894736842105265,
    5.8441558441558445,
    5.897435897435898,
    5.949367088607595,
    6.25,
    6.296296296296297,
    6.463414634146342,
    6.626506024096385,
    6.904761904761905,
    7.0588235294117645,
    7.209302325581396,
    7.241379310344827,
    7.2727272727272725,
    7.303370786516854,
    7.333333333333333,
    7.472527472527473,
    7.5,
    7.526881720430108,
    7.553191489361702,
    7.894736842105263,
    7.916666666666667,
    8.041237113402062,
    8.26530612244898,
    8.282828282828282,
    8.3,
    8.4,
    8.5,
    8.7,
    8.7,
    9.0,
    9.1,
    9.5,
    9.5,
    9.6,
    10.1,
    10.2,
    10.3,
    10.5,
    10.7,
    10.9,
    11.1,
    11.1,
    11.6,
    11.7,
    11.8,
    11.9,
    12.2,
    12.3,
    12.4,
    12.6,
    12.7,
    12.8,
    12.9,
    13.0,
    13.2,
    13.4,
    13.4,
    13.7,
    13.8,
    13.8,
    13.8,
    14.0,
    14.2,
    14.6,
    14.6,
    14.6,
    14.6,
    14.8,
    14.7,
    14.8,
    15.2,
    15.3,
    15.3,
    15.6,
    15.7,
    15.8,
    15.9,
    15.9,
    16.0,
    16.0,
    16.0,
    16.0,
    16.0,
    16.4,
    16.8,
    16.8,
    16.8,
    16.9,
    16.8,
    16.8,
    16.8,
    17.1,
    17.2,
    17.3,
    17.3,
    17.2,
    17.5,
    17.4,
    17.4,
    17.3,
    17.9,
    18.2,
    18.2,
    18.3,
    18.5,
    18.5,
    18.4,
    18.3,
    18.3,
    18.2,
    18.4,
    18.4,
    18.4,
    18.5,
    18.4,
    18.3,
    18.2,
    18.3,
    18.4,
    18.1,
    18.1,
    18.0,
    17.8,
    17.8,
    17.8
  ],
  "best_score": 70,
  "latest_avg_score": 17.8,
  "episodes_completed": 200,
  "training_time": 1331.958000421524,
  "timestamp": 1759896527.255142,
  "date": "2025-10-08 12:08:47",
  "curriculum_stage": 1,
  "epsilon": 0.23135059309645256,
  "astar_guidance_prob": 0.35,
  "state_features": 34,
  "model_type": "Enhanced DQN with A* Reward Shaping"
}