{
  "scores": [
    0,
    10,
    10,
    10,
    20,
    10,
    10,
    10,
    60,
    20,
    10,
    20,
    10,
    10,
    0,
    20,
    10,
    0,
    30,
    30,
    10,
    10,
    0,
    40,
    10,
    10,
    0,
    10,
    0,
    20,
    10,
    10,
    10,
    10,
    20,
    30,
    10,
    30,
    10,
    10,
    20,
    0,
    20,
    40,
    110,
    40,
    10,
    40,
    10,
    10,
    50,
    60,
    30,
    10,
    40,
    20,
    0,
    70,
    50,
    10,
    30,
    40,
    30,
    20,
    10,
    30,
    10,
    10,
    10,
    20,
    60,
    10,
    10,
    20,
    20,
    40,
    0,
    10,
    30,
    40,
    50,
    80,
    10,
    20,
    90,
    0,
    30,
    30,
    50,
    120,
    70,
    70,
    10,
    120,
    70,
    10,
    10,
    10,
    40,
    50,
    10,
    10,
    40,
    0,
    10,
    20,
    20,
    40,
    30,
    30,
    80,
    10,
    20,
    10,
    60,
    30,
    60,
    30,
    50,
    60,
    30,
    30,
    0,
    80,
    40,
    50,
    70,
    0,
    20,
    60,
    40,
    20,
    30,
    70,
    20,
    80,
    50,
    60,
    10,
    10,
    10,
    200,
    50,
    80,
    30,
    80,
    10,
    10,
    130,
    30,
    30,
    10,
    60,
    10,
    20,
    180,
    20,
    20,
    40,
    60,
    80,
    50,
    80,
    10,
    30,
    20,
    0,
    130,
    10,
    10,
    20,
    30,
    10,
    80,
    20,
    60,
    120,
    70,
    20,
    20,
    40,
    50,
    10,
    60,
    40,
    30,
    80,
    70,
    10,
    20,
    20,
    40,
    10,
    10,
    60,
    90,
    20,
    40,
    50,
    40
  ],
  "running_avgs": [
    0.0,
    5.0,
    6.666666666666667,
    7.5,
    10.0,
    10.0,
    10.0,
    10.0,
    15.555555555555555,
    16.0,
    15.454545454545455,
    15.833333333333334,
    15.384615384615385,
    15.0,
    14.0,
    14.375,
    14.117647058823529,
    13.333333333333334,
    14.210526315789474,
    15.0,
    14.761904761904763,
    14.545454545454545,
    13.91304347826087,
    15.0,
    14.8,
    14.615384615384615,
    14.074074074074074,
    13.928571428571429,
    13.448275862068966,
    13.666666666666666,
    13.548387096774194,
    13.4375,
    13.333333333333334,
    13.235294117647058,
    13.428571428571429,
    13.88888888888889,
    13.783783783783784,
    14.210526315789474,
    14.102564102564102,
    14.0,
    14.146341463414634,
    13.80952380952381,
    13.953488372093023,
    14.545454545454545,
    16.666666666666668,
    17.17391304347826,
    17.02127659574468,
    17.5,
    17.346938775510203,
    17.2,
    17.84313725490196,
    18.653846153846153,
    18.867924528301888,
    18.703703703703702,
    19.09090909090909,
    19.107142857142858,
    18.771929824561404,
    19.655172413793103,
    20.16949152542373,
    20.0,
    20.16393442622951,
    20.483870967741936,
    20.634920634920636,
    20.625,
    20.46153846153846,
    20.606060606060606,
    20.44776119402985,
    20.294117647058822,
    20.144927536231883,
    20.142857142857142,
    20.704225352112676,
    20.555555555555557,
    20.410958904109588,
    20.405405405405407,
    20.4,
    20.657894736842106,
    20.38961038961039,
    20.256410256410255,
    20.379746835443036,
    20.625,
    20.987654320987655,
    21.70731707317073,
    21.566265060240966,
    21.547619047619047,
    22.352941176470587,
    22.093023255813954,
    22.183908045977013,
    22.272727272727273,
    22.584269662921347,
    23.666666666666668,
    24.175824175824175,
    24.67391304347826,
    24.516129032258064,
    25.53191489361702,
    26.0,
    25.833333333333332,
    25.670103092783506,
    25.510204081632654,
    25.656565656565657,
    25.9,
    26.0,
    26.0,
    26.3,
    26.2,
    26.1,
    26.2,
    26.3,
    26.6,
    26.3,
    26.4,
    27.1,
    27.0,
    27.1,
    27.1,
    27.7,
    27.8,
    28.3,
    28.6,
    28.8,
    29.1,
    29.3,
    29.5,
    29.5,
    29.9,
    30.2,
    30.6,
    31.3,
    31.2,
    31.4,
    31.8,
    32.1,
    32.2,
    32.4,
    33.0,
    33.0,
    33.5,
    33.9,
    34.2,
    34.2,
    34.2,
    34.1,
    36.1,
    36.4,
    36.8,
    36.0,
    36.4,
    36.4,
    36.1,
    37.3,
    37.5,
    37.3,
    36.8,
    37.1,
    37.1,
    36.9,
    38.5,
    38.7,
    38.2,
    38.1,
    38.6,
    39.1,
    39.2,
    39.7,
    39.6,
    39.8,
    39.7,
    39.6,
    40.8,
    40.8,
    40.7,
    40.3,
    40.5,
    40.5,
    41.1,
    41.1,
    41.3,
    42.5,
    43.1,
    43.0,
    42.8,
    42.7,
    42.4,
    42.4,
    42.8,
    42.3,
    42.6,
    43.1,
    43.5,
    43.1,
    42.1,
    41.6,
    41.3,
    41.3,
    40.2,
    40.1,
    40.9,
    41.0,
    41.3,
    41.4,
    41.3
  ],
  "best_score": 200,
  "latest_avg_score": 41.3,
  "episodes_completed": 200,
  "training_time": 753.0818500518799,
  "timestamp": 1759801218.8797796,
  "date": "2025-10-07 09:40:18",
  "curriculum_stage": 0,
  "state_features": 34,
  "model_type": "Enhanced DQN with A* Reward Shaping"
}